,nameOfIssuer,titleOfClass,cusip,value
0,10X GENOMICS INC,CL A COM,88025U109,475323
1,1LIFE HEALTHCARE INC,COM,68269G107,331008
2,360 DIGITECH INC,AMERICAN DEP,88557W101,25306218
3,3M CO,COM,88579Y101,3448420
4,ABBOTT LABS,COM,002824100,243820644
5,ABBVIE INC,COM,00287Y109,4864784
6,ACADIA HEALTHCARE COMPANY IN,COM,00404A109,8110413
7,ACCENTURE PLC IRELAND,SHS CLASS A,G1151C101,12464897
8,ACCOLADE INC,COM,00437E102,598467
9,ACTIVISION BLIZZARD INC,COM,00507V109,7695189
10,ADAPTHEALTH CORP,COMMON STOCK,00653Q102,1609425
11,ADDUS HOMECARE CORP,COM,006739106,1864741
12,ADOBE SYSTEMS INCORPORATED,COM,00724F101,5146217
13,ADTALEM GLOBAL ED INC,COM,00737L103,7341542
14,AES CORP,COM,00130H105,3864481
15,AFFILIATED MANAGERS GROUP IN,COM,008252108,3342873
16,AFLAC INC,COM,001055102,13366740
17,AGILENT TECHNOLOGIES INC,COM,00846U101,1270529
18,AGILON HEALTH INC,COM,00857U107,3893307
19,AGNC INVT CORP,COM,00123Q104,2188125
20,AGNICO EAGLE MINES LTD,COM,008474108,7291546
21,AGORA INC,ADS,00851L103,633490
22,AGREE RLTY CORP,COM,008492100,18970512
23,AIRBNB INC,COM CL A,009066101,10268721
24,AKAMAI TECHNOLOGIES INC,COM,00971T101,3965725
25,ALAMOS GOLD INC NEW,COM CL A,011532108,8775844
26,ALBEMARLE CORP,COM,012653101,318134
27,ALBERTSONS COS INC,COMMON STOCK,013091103,6760265
28,ALCOA CORP,COM,013872106,374673
29,ALEXANDRIA REAL ESTATE EQ IN,COM,015271109,2703053
30,ALIGN TECHNOLOGY INC,COM,016255101,26345417
31,ALKERMES PLC,SHS,G01767105,1059232
32,ALLETE INC,COM NEW,018522300,855854
33,ALLIANT ENERGY CORP,COM,018802108,2355369
34,ALLISON TRANSMISSION HLDGS I,COM,01973R101,3640416
35,ALLSTATE CORP,COM,020002101,12590460
36,ALPHABET INC,CAP STK CL A,02079K305,65620004
37,ALTICE USA INC,CL A,02156K103,252862
38,ALTRIA GROUP INC,COM,02209S103,48883691
39,AMC ENTMT HLDGS INC,CL A COM,00165C104,260977
40,AMDOCS LTD,SHS,G02602103,11954259
41,AMEDISYS INC,COM,023436108,3358559
42,AMEREN CORP,COM,023608102,4393715
43,AMERICAN EAGLE OUTFITTERS IN,COM,02553E106,202029
44,AMERICAN ELEC PWR CO INC,COM,025537101,15869563
45,AMERICAN EXPRESS CO,COM,025816109,232706
46,AMERICAN FINL GROUP INC OHIO,COM,025932104,3132730
47,AMERICAN HOMES 4 RENT,CL A,02665T306,43855719
48,AMERICAN INTL GROUP INC,COM NEW,026874784,11408243
49,AMERICAN TOWER CORP NEW,COM,03027X100,20958674
50,AMERICAN WELL CORP,CL A,03044L105,1293188
51,AMERICAN WTR WKS CO INC NEW,COM,030420103,14544069
52,AMERIPRISE FINL INC,COM,03076C106,11855724
53,AMERISOURCEBERGEN CORP,COM,03073E105,46568487
54,AMGEN INC,COM,031162100,3106243
55,AMN HEALTHCARE SVCS INC,COM,001744101,5800385
56,ANGI INC,COM CL A NEW,00183L102,49477
57,ANGIODYNAMICS INC,COM,03475V101,618617
58,ANNALY CAPITAL MANAGEMENT IN,COM NEW,035710839,777789
59,ANTERO RESOURCES CORP,COM,03674X106,262144
60,AON PLC,SHS CL A,G0403H108,19232371
61,APA CORPORATION,COM,03743Q108,14534938
62,APOLLO MED HLDGS INC,COM NEW,03763A207,1160549
63,APPLE INC,COM,037833100,2140337
64,APTIV PLC,SHS,G6095L109,566696
65,ARCH CAP GROUP LTD,ORD,G0450A105,16331526
66,ARCHER DANIELS MIDLAND CO,COM,039483102,31511804
67,ARES CAPITAL CORP,COM,04010L103,3392348
68,ARISTA NETWORKS INC,COM,040413106,678711
69,ARMSTRONG WORLD INDS INC NEW,COM,04247X102,339520
70,ARROW ELECTRS INC,COM,042735100,5448202
71,ASBURY AUTOMOTIVE GROUP INC,COM,043436104,562666
72,ASSOCIATED BANC CORP,COM,045487105,1253487
73,ASSURANT INC,COM,04621X108,6858040
74,ASTRAZENECA PLC,SPONSORED ADR,046353108,6076100
75,ATLASSIAN CORPORATION,CL A,049468101,345634
76,ATMOS ENERGY CORP,COM,049560105,2562593
77,ATRICURE INC,COM,04963C209,2379389
78,ATRION CORP,COM,049904105,896239
79,AURORA INNOVATION INC,CLASS A COM,051774107,103578
80,AUTOHOME INC,SP ADS RP CL A,05278C107,6305252
81,AUTOLIV INC,COM,052800109,554056
82,AUTOMATIC DATA PROCESSING IN,COM,053015103,16847751
83,AUTONATION INC,COM,05329W102,3769664
84,AUTOZONE INC,COM,053332102,13729224
85,AVALONBAY CMNTYS INC,COM,053484101,15592010
86,AVANGRID INC,COM,05351W103,3801581
87,AVANOS MED INC,COM,05350V106,1468411
88,AVANTOR INC,COM,05352A100,2214408
89,AVERY DENNISON CORP,COM,053611109,3894577
90,AVISTA CORP,COM,05379B107,778965
91,AVNET INC,COM,053807103,2552638
92,AXONICS INC,COM,05465P101,3621988
93,BAIDU INC,SPON ADR REP A,056752108,80348862
94,BANK AMERICA CORP,COM,060505104,106170664
95,BANK HAWAII CORP,COM,062540109,1118260
96,BANK NEW YORK MELLON CORP,COM,064058100,18424903
97,BANK OZK LITTLE ROCK ARK,COM,06417N103,1704152
98,BAOZUN INC,SPONSORED ADR,06684L103,390637
99,BARRICK GOLD CORP,COM,067901108,12766480
100,BAUSCH HEALTH COS INC,COM,071734107,529290
101,BAXTER INTL INC,COM,071813109,38298042
102,BECTON DICKINSON & CO,COM,075887109,92707099
103,BEIGENE LTD,SPONSORED ADR,07725L102,41428998
104,BELLRING BRANDS INC,COMMON STOCK,07831C103,6935184
105,BENTLEY SYS INC,COM CL B,08265T208,2989990
106,BERKLEY W R CORP,COM,084423102,4333372
107,BERKSHIRE HATHAWAY INC DEL,CL B NEW,084670702,111478612
108,BERRY GLOBAL GROUP INC,COM,08579W103,5129661
109,BEYOND MEAT INC,COM,08862E109,1444000
110,BIO RAD LABS INC,CL A,090572207,5034947
111,BIOGEN INC,COM,09062X103,30681905
112,BIOMARIN PHARMACEUTICAL INC,COM,09061G101,11009163
113,BIO-TECHNE CORP,COM,09073M104,467858
114,BJS RESTAURANTS INC,COM,09180C106,1145446
115,BJS WHSL CLUB HLDGS INC,COM,05550J101,15999804
116,BLACK KNIGHT INC,COM,09215C105,14494701
117,BLACKROCK INC,COM,09247X101,13874975
118,BLACKSTONE INC,COM,09260D107,1825816
119,BLOCK H & R INC,COM,093671105,5039694
120,BLOCK INC,CL A,852234103,54741055
121,BOEING CO,COM,097023105,1233613
122,BOK FINL CORP,COM NEW,05561Q201,2535071
123,BOOKING HOLDINGS INC,COM,09857L108,67397009
124,BOSTON BEER INC,CL A,100557107,7758548
125,BOSTON PROPERTIES INC,COM,101121101,2768280
126,BOSTON SCIENTIFIC CORP,COM,101137107,90006394
127,BRANDYWINE RLTY TR,SH BEN INT NEW,105368203,213792
128,BRIGHT HORIZONS FAM SOL IN D,COM,109194100,8140215
129,BRINKS CO,COM,109696104,1415259
130,BRISTOL-MYERS SQUIBB CO,COM,110122108,63987365
131,BROADCOM INC,COM,11135F101,283479
132,BROADRIDGE FINL SOLUTIONS IN,COM,11133T103,3329375
133,BROWN & BROWN INC,COM,115236101,6599234
134,BROWN FORMAN CORP,CL B,115637209,53429629
135,BRUKER CORP,COM,116794108,533130
136,BRUNSWICK CORP,COM,117043109,3451262
137,BUILDERS FIRSTSOURCE INC,COM,12008R107,9074830
138,BUNGE LIMITED,COM,G16962105,7274929
139,BURNING ROCK BIOTECH LTD,SPONSORED ADS,12233L107,191891
140,CABLE ONE INC,COM,12685J105,322473
141,CAL MAINE FOODS INC,COM NEW,128030202,4286032
142,CALIFORNIA WTR SVC GROUP,COM,130788102,1996208
143,CAMDEN PPTY TR,SH BEN INT,133131102,4168649
144,CAMPBELL SOUP CO,COM,134429109,25890144
145,CANADIAN NATL RY CO,COM,136375102,13798326
146,CANADIAN PAC RY LTD,COM,13645T100,14484180
147,CAPITAL ONE FINL CORP,COM,14040H105,400936
148,CAPITOL FED FINL INC,COM,14057J101,416247
149,CARDINAL HEALTH INC,COM,14149Y108,18447570
150,CARDIOVASCULAR SYS INC DEL,COM,141619106,649415
151,CARLISLE COS INC,COM,142339100,698231
152,CASEYS GEN STORES INC,COM,147528103,16966693
153,CASTLE BIOSCIENCES INC,COM,14843C105,686591
154,CATALENT INC,COM,148806102,1345169
155,CBOE GLOBAL MKTS INC,COM,12503M108,56713444
156,CELANESE CORP DEL,COM,150870103,755963
157,CELSIUS HLDGS INC,COM NEW,15118V207,8266082
158,CENOVUS ENERGY INC,COM,15135U109,26259782
159,CENTENE CORP DEL,COM,15135B101,12305518
160,CENTERPOINT ENERGY INC,COM,15189T107,2693192
161,CENTRAL GARDEN & PET CO,CL A NON-VTG,153527205,3756029
162,CERTARA INC,COM,15687V109,4857350
163,CERUS CORP,COM,157085101,741742
164,CF INDS HLDGS INC,COM,125269100,11636872
165,CHARLES RIV LABS INTL INC,COM,159864107,750665
166,CHEGG INC,COM,163092109,7231137
167,CHEMED CORP NEW,COM,16359R103,11730702
168,CHEMOURS CO,COM,163851108,3652935
169,CHENIERE ENERGY INC,COM NEW,16411R208,11239652
170,CHEVRON CORP NEW,COM,166764100,56147344
171,CHEWY INC,CL A,16679L109,1953449
172,CHIMERA INVT CORP,COM NEW,16934Q208,98758
173,CHINDATA GROUP HLDGS LTD,ADS,16955F107,4602659
174,CHIPOTLE MEXICAN GRILL INC,COM,169656105,98238454
175,CHUBB LIMITED,COM,H1467J104,40895269
176,CHURCH & DWIGHT CO INC,COM,171340102,46037338
177,CIGNA CORP NEW,COM,125523100,59609060
178,CINCINNATI FINL CORP,COM,172062101,5376499
179,CINTAS CORP,COM,172908105,7270630
180,CIRRUS LOGIC INC,COM,172755100,491345
181,CISCO SYS INC,COM,17275R102,48544445
182,CITIGROUP INC,COM NEW,172967424,58052886
183,CITIZENS FINL GROUP INC,COM,174610105,6861758
184,CLARIVATE PLC,ORD SHS,G21810109,436983
185,CLEARWAY ENERGY INC,CL C,18539C204,2198201
186,CLOROX CO DEL,COM,189054109,39413505
187,CME GROUP INC,COM,12572Q105,69075588
188,CMS ENERGY CORP,COM,125896100,2828888
189,CNA FINL CORP,COM,126117100,509897
190,CNO FINL GROUP INC,COM,12621E103,6114249
191,COCA COLA CO,COM,191216100,535684109
192,COCA COLA CONS INC,COM,191098102,5062117
193,COCA-COLA EUROPACIFIC PARTNE,SHS,G25839104,4518870
194,CODEXIS INC,COM,192005106,86984
195,COGNIZANT TECHNOLOGY SOLUTIO,CL A,192446102,14313056
196,COHEN & STEERS INC,COM,19247A100,13045381
197,COLGATE PALMOLIVE CO,COM,194162103,149128512
198,COMCAST CORP NEW,CL A,20030N101,57449660
199,COMERICA INC,COM,200340107,3056649
200,COMMERCE BANCSHARES INC,COM,200525103,2928712
201,COMMERCIAL METALS CO,COM,201723103,1071777
202,COMPASS MINERALS INTL INC,COM,20451N101,215045
203,CONAGRA BRANDS INC,COM,205887102,5933368
204,CONOCOPHILLIPS,COM,20825C104,30352550
205,CONSOLIDATED EDISON INC,COM,209115104,17563917
206,CONSTELLATION BRANDS INC,CL A,21036P108,77794535
207,CONSTELLIUM SE,CL A SHS,F21107101,311756
208,COOPER COS INC,COM NEW,216648402,23254368
209,COPART INC,COM,217204106,27681690
210,CORTEVA INC,COM,22052L104,28180014
211,CORVEL CORP,COM,221006109,1565349
212,COSTAR GROUP INC,COM,22160N109,28877759
213,COSTCO WHSL CORP NEW,COM,22160K105,427978337
214,COTERRA ENERGY INC,COM,127097103,11262225
215,COTY INC,COM CL A,222070203,1457237
216,COURSERA INC,COM,22266M104,2395942
217,CRACKER BARREL OLD CTRY STOR,COM,22410J106,4515119
218,CROCS INC,COM,227046109,5029200
219,CROSS CTRY HEALTHCARE INC,COM,227483104,1100476
220,CROWDSTRIKE HLDGS INC,CL A,22788C105,751771
221,CROWN CASTLE INC,COM,22822V101,17434623
222,CROWN HLDGS INC,COM,228368106,325469
223,CSX CORP,COM,126408103,3870207
224,CULLEN FROST BANKERS INC,COM,229899109,2462888
225,CURTISS WRIGHT CORP,COM,231561101,1610285
226,CUTERA INC,COM,232109108,919113
227,CVS HEALTH CORP,COM,126650100,255335847
228,D R HORTON INC,COM,23331A109,1034737
229,DADA NEXUS LTD,ADS,23344D108,4224629
230,DANAHER CORPORATION,COM,235851102,1735847
231,DAQO NEW ENERGY CORP,SPNSRD ADS NEW,23703Q203,7648911
232,DARDEN RESTAURANTS INC,COM,237194105,32527331
233,DARLING INGREDIENTS INC,COM,237266101,662953
234,DAVITA INC,COM,23918K108,7985957
235,DENALI THERAPEUTICS INC,COM,24823R105,416316
236,DENNYS CORP,COM,24869P104,184182
237,DENTSPLY SIRONA INC,COM,24906P109,10803790
238,DEVON ENERGY CORP NEW,COM,25179M103,11101325
239,DEXCOM INC,COM,252131107,48865778
240,DIAMONDBACK ENERGY INC,COM,25278X109,15091758
241,DICKS SPORTING GOODS INC,COM,253393102,2004272
242,DIGITAL RLTY TR INC,COM,253868103,16973505
243,DILLARDS INC,CL A,254067101,1377802
244,DISCOVER FINL SVCS,COM,254709108,723453
245,DOCUSIGN INC,COM,256163106,3471343
246,DOLBY LABORATORIES INC,COM CL A,25659T107,356721
247,DOLLAR GEN CORP NEW,COM,256677105,120127152
248,DOLLAR TREE INC,COM,256746108,78395383
249,DOMINION ENERGY INC,COM,25746U109,16831972
250,DOMINOS PIZZA INC,COM,25754A201,4103454
251,DOORDASH INC,CL A,25809K105,2379096
252,DOUGLAS EMMETT INC,COM,25960P109,214299
253,DOUYU INTL HLDGS LTD,SPONSORED ADS,25985W105,157921
254,DOW INC,COM,260557103,6578818
255,DOXIMITY INC,CL A,26622P107,7304032
256,DROPBOX INC,CL A,26210C104,426294
257,DTE ENERGY CO,COM,233331107,1527772
258,DUKE ENERGY CORP NEW,COM NEW,26441C204,18778270
259,DUOLINGO INC,CL A COM,26603R106,3886472
260,DXC TECHNOLOGY CO,COM,23355L106,816809
261,E L F BEAUTY INC,COM,26856L103,5991091
262,EAGLE MATLS INC,COM,26969P108,1970298
263,EAST WEST BANCORP INC,COM,27579R104,3385612
264,EDGEWELL PERS CARE CO,COM,28035Q102,4426165
265,EDISON INTL,COM,281020107,5768553
266,EDWARDS LIFESCIENCES CORP,COM,28176E108,67638367
267,ELANCO ANIMAL HEALTH INC,COM,28414H103,348184
268,ELECTRONIC ARTS INC,COM,285512109,2311768
269,ELEVANCE HEALTH INC,COM,036752103,43758393
270,ENCOMPASS HEALTH CORP,COM,29261A100,7259200
271,ENOVIS CORPORATION,COM,194014502,879976
272,ENSIGN GROUP INC,COM,29358P101,5888337
273,ENTERGY CORP NEW,COM,29364G103,3044250
274,ENVISTA HOLDINGS CORPORATION,COM,29415F104,2102119
275,EOG RES INC,COM,26875P101,4746260
276,EQT CORP,COM,26884L109,5663649
277,EQUIFAX INC,COM,294429105,2746112
278,EQUINIX INC,COM,29444U700,1375563
279,EQUITY LIFESTYLE PPTYS INC,COM,29472R108,540314
280,EQUITY RESIDENTIAL,SH BEN INT,29476L107,18604942
281,ERIE INDTY CO,CL A,29530P102,4139944
282,ESSENTIAL UTILS INC,COM,29670G102,4779491
283,ESSEX PPTY TR INC,COM,297178105,4498850
284,EURONET WORLDWIDE INC,COM,298736109,266907
285,EVEREST RE GROUP LTD,COM,G3223R108,11766048
286,EVERGY INC,COM,30034W106,2659799
287,EVERSOURCE ENERGY,COM,30040W108,9720326
288,EVOLENT HEALTH INC,CL A,30050B101,5501855
289,EXACT SCIENCES CORP,COM,30063P105,212101
290,EXELIXIS INC,COM,30161Q104,277845
291,EXELON CORP,COM,30161N101,14799315
292,EXPEDIA GROUP INC,COM NEW,30212P303,11786492
293,EXTRA SPACE STORAGE INC,COM,30225T102,31681967
294,EXXON MOBIL CORP,COM,30231G102,62932106
295,F5 INC,COM,315616102,4275019
296,FARFETCH LTD,ORD SH CL A,30744W107,8927449
297,FEDERATED HERMES INC,CL B,314211103,6256031
298,FIDELITY NATL INFORMATION SV,COM,31620M106,28002916
299,FIFTH THIRD BANCORP,COM,316773100,1538756
300,FIGS INC,CL A,30260D103,977176
301,FIRST AMERN FINL CORP,COM,31847R102,364286
302,FIRST REP BK SAN FRANCISCO C,COM,33616C100,5103534
303,FIRST SOLAR INC,COM,336433107,8193363
304,FIRSTENERGY CORP,COM,337932107,5248455
305,FISERV INC,COM,337738108,18653176
306,FIVE BELOW INC,COM,33829M101,525304
307,FLEETCOR TECHNOLOGIES INC,COM,339041105,10819119
308,FLOWERS FOODS INC,COM,343498101,12857989
309,FOX CORP,CL A COM,35137L105,6229950
310,FRANCO NEV CORP,COM,351858105,14633740
311,FRANKLIN RESOURCES INC,COM,354613101,4973105
312,FREEPORT-MCMORAN INC,CL B,35671D857,4995784
313,FRESH DEL MONTE PRODUCE INC,ORD,G36738105,426687
314,FRESHPET INC,COM,358039105,2922244
315,FULGENT GENETICS INC,COM,359664109,672790
316,FUTU HLDGS LTD,SPON ADS CL A,36118L106,14852860
317,GALLAGHER ARTHUR J & CO,COM,363576109,14354304
318,GAMESTOP CORP NEW,CL A,36467W109,711836
319,GAMING & LEISURE PPTYS INC,COM,36467J108,674670
320,GAOTU TECHEDU INC,SPONSORED ADS,36257Y109,311607
321,GATX CORP,COM,361448103,772028
322,GDS HLDGS LTD,SPONSORED ADS,36165L108,10615382
323,GEN DIGITAL INC,COM,668771108,1490328
324,GENERAL DYNAMICS CORP,COM,369550108,27088402
325,GENERAL ELECTRIC CO,COM NEW,369604301,3747592
326,GENERAL MLS INC,COM,370334104,117399810
327,GENTEX CORP,COM,371901109,3448673
328,GILEAD SCIENCES INC,COM,375558103,23909912
329,GLAUKOS CORP,COM,377322102,2953161
330,GLOBAL PMTS INC,COM,37940X102,18996440
331,GLOBE LIFE INC,COM,37959E102,7242403
332,GLOBUS MED INC,CL A,379577208,6745870
333,GODADDY INC,CL A,380237107,688120
334,GOLDMAN SACHS GROUP INC,COM,38141G104,34649789
335,GOODRX HLDGS INC,COM CL A,38246G108,937662
336,GRAHAM HLDGS CO,COM CL B,384637104,1966099
337,GRAND CANYON ED INC,COM,38526M106,12002976
338,GRAPHIC PACKAGING HLDG CO,COM,388689101,3824708
339,GROUP 1 AUTOMOTIVE INC,COM,398905109,1403639
340,GSK PLC,SPONSORED ADR,37733W204,4672847
341,GUARDANT HEALTH INC,COM,40131M109,3496451
342,H WORLD GROUP LTD,SPONSORED ADS,44332N106,23496311
343,HAEMONETICS CORP MASS,COM,405024100,4681799
344,HAIN CELESTIAL GROUP INC,COM,405217100,3463539
345,HANOVER INS GROUP INC,COM,410867105,6390433
346,HARSCO CORP,COM,415864107,336024
347,HARTFORD FINL SVCS GROUP INC,COM,416515104,1897494
348,HASBRO INC,COM,418056107,1054192
349,HAWAIIAN ELEC INDUSTRIES,COM,419870100,1056712
350,HCA HEALTHCARE INC,COM,40412C101,82895382
351,HEALTH CATALYST INC,COM,42225T107,1194451
352,HEALTHPEAK PROPERTIES INC,COM,42250P103,4584877
353,HELEN OF TROY LTD,COM,G4388N106,11465987
354,HELLO GROUP INC,ADS,423403104,3464475
355,HENRY JACK & ASSOC INC,COM,426281101,1328638
356,HENRY SCHEIN INC,COM,806407102,17808854
357,HERBALIFE NUTRITION LTD,COM SHS,G4412G101,6366289
358,HERSHEY CO,COM,427866108,83341811
359,HESKA CORP,COM RESTRC NEW,42805E306,750644
360,HESS CORP,COM,42809H107,11334963
361,HEWLETT PACKARD ENTERPRISE C,COM,42824C109,287711
362,HOLOGIC INC,COM,436440101,33369749
363,HONEYWELL INTL INC,COM,438516106,19821036
364,HORACE MANN EDUCATORS CORP N,COM,440327104,1074500
365,HORIZON THERAPEUTICS PUB L,SHS,G46188101,18860188
366,HORMEL FOODS CORP,COM,440452100,31916247
367,HOSTESS BRANDS INC,CL A,44109J106,6061650
368,HP INC,COM,40434L105,1493381
369,HUDSON PAC PPTYS INC,COM,444097109,223391
370,HUMANA INC,COM,444859102,25281698
371,HUNTINGTON BANCSHARES INC,COM,446150104,6629594
372,HUNTSMAN CORP,COM,447011107,821240
373,HUTCHMED CHINA LTD,SPONSORED ADS,44842L103,2565764
374,HUYA INC,ADS REP SHS A,44852D108,384691
375,I MAB,SPONSORED ADS,44975P103,860173
376,ICU MED INC,COM,44930G107,3775268
377,IDACORP INC,COM,451107106,1266806
378,IDEXX LABS INC,COM,45168D104,49266881
379,ILLUMINA INC,COM,452327109,667867
380,INARI MED INC,COM,45332Y109,3255925
381,INCYTE CORP,COM,45337C102,21802141
382,INGLES MKTS INC,CL A,457030104,2792999
383,INGREDION INC,COM,457187102,1224811
384,INSPIRE MED SYS INC,COM,457730109,8470221
385,INSTALLED BLDG PRODS INC,COM,45780R101,395900
386,INSULET CORP,COM,45784P101,17950430
387,INTEGER HLDGS CORP,COM,45826H109,2650840
388,INTEGRA LIFESCIENCES HLDGS C,COM NEW,457985208,4824095
389,INTELLIA THERAPEUTICS INC,COM,45826J105,327512
390,INTER PARFUMS INC,COM,458334109,3691214
391,INTERACTIVE BROKERS GROUP IN,COM CL A,45841N107,73690935
392,INTERNATIONAL BUSINESS MACHS,COM,459200101,28666043
393,INTUITIVE SURGICAL INC,COM NEW,46120E602,111989375
394,INVITAE CORP,COM,46185L103,181011
395,INVITATION HOMES INC,COM,46187W107,31474835
396,IQIYI INC,SPONSORED ADS,46267X108,5937595
397,IQVIA HLDGS INC,COM,46266C105,658721
398,IRHYTHM TECHNOLOGIES INC,COM,450056106,3228337
399,IROBOT CORP,COM,462726100,2093607
400,IRON MTN INC DEL,COM,46284V101,4517557
401,ISHARES GOLD TR,ISHARES NEW,464285204,78590313
402,ISHARES INC,CORE MSCI EMKT,46434G103,679634627
403,ISHARES TR,CORE S&P500 ETF,464287200,793190787
404,ISHARES TR,MSCI EMG MKT ETF,464287234,17518896
405,ISHARES TR,IBOXX HI YD ETF,464288513,1558673
406,ISHARES TR,MSCI CHINA ETF,46429B671,39029135
407,ISHARES TR,IBOXX INV CP ETF,464287242,102667734
408,ISHARES TR,MSCI EAFE ETF,464287465,9359608
409,ISHARES TR,CHINA LG-CAP ETF,464287184,39159502
410,ISHARES TR,MBS ETF,464288588,138383000
411,ISHARES TR,CORE MSCI EAFE,46432F842,6168931
412,ITRON INC,COM,465741106,1377629
413,ITT INC,COM,45073V108,356516
414,J & J SNACK FOODS CORP,COM,466032109,3477763
415,JABIL INC,COM,466313103,286576
416,JACK IN THE BOX INC,COM,466367109,2548800
417,JAZZ PHARMACEUTICALS PLC,SHS USD,G50871105,537353
418,JEFFERIES FINL GROUP INC,COM,47233W109,5162911
419,JOHNSON & JOHNSON,COM,478160104,630267415
420,JONES LANG LASALLE INC,COM,48020Q107,594928
421,JOYY INC,ADS REPSTG COM A,46591M109,5032698
422,JPMORGAN CHASE & CO,COM,46625H100,92844940
423,KANZHUN LIMITED,SPONSORED ADS,48553T106,28969033
424,KB HOME,COM,48666K109,260597
425,KE HLDGS INC,SPONSORED ADS,482497104,45135165
426,KELLOGG CO,COM,487836108,40867966
427,KEURIG DR PEPPER INC,COM,49271V100,7883606
428,KEYCORP,COM,493267108,5450788
429,KILROY RLTY CORP,COM,49427F108,3069741
430,KIMBERLY-CLARK CORP,COM,494368103,102988366
431,KINGSOFT CLOUD HLDGS LTD,ADS,49639K101,1751287
432,KOSMOS ENERGY LTD,COM,500688106,2130740
433,KRAFT HEINZ CO,COM,500754106,89138127
434,KROGER CO,COM,501044101,87649139
435,LABORATORY CORP AMER HLDGS,COM NEW,50540R409,33032192
436,LAM RESEARCH CORP,COM,512807108,369444
437,LAMB WESTON HLDGS INC,COM,513272104,30349337
438,LANCASTER COLONY CORP,COM,513847103,9433702
439,LANTHEUS HLDGS INC,COM,516544103,4058505
440,LAUDER ESTEE COS INC,CL A,518439104,122850922
441,LEGEND BIOTECH CORP,SPONSORED ADS,52490G102,22644860
442,LEIDOS HOLDINGS INC,COM,525327102,2373507
443,LEMAITRE VASCULAR INC,COM,525558201,1057171
444,LENNAR CORP,CL A,526057104,1052153
445,LENNOX INTL INC,COM,526107107,427982
446,LHC GROUP INC,COM,50187A107,5675319
447,LI AUTO INC,SPONSORED ADS,50202M102,35675867
448,LIBERTY BROADBAND CORP,COM SER A,530307107,1301283
449,LIBERTY BROADBAND CORP,COM SER C,530307305,14753745
450,LIBERTY GLOBAL PLC,SHS CL C,G5480U120,267337
451,LIFE STORAGE INC,COM,53223X107,13720065
452,LILLY ELI & CO,COM,532457108,84413190
453,LIONS GATE ENTMNT CORP,CL A VTG,535919401,97938
454,LOCKHEED MARTIN CORP,COM,539830109,9609150
455,LOEWS CORP,COM,540424108,4642951
456,LOUISIANA PAC CORP,COM,546347105,2682530
457,LPL FINL HLDGS INC,COM,50212V100,4334857
458,LUFAX HOLDING LTD,ADS REP SHS CL A,54975P102,13010144
459,LULULEMON ATHLETICA INC,COM,550021109,1303947
460,LUMEN TECHNOLOGIES INC,COM,550241103,427382
461,LUMENTUM HLDGS INC,COM,55024U109,7629289
462,LYFT INC,CL A COM,55087P104,2244884
463,M & T BK CORP,COM,55261F104,7197442
464,MACERICH CO,COM,554382101,612319
465,MADDEN STEVEN LTD,COM,556269108,2872213
466,MADISON SQUARE GRDN SPRT COR,CL A,55825T103,229712
467,MARATHON OIL CORP,COM,565849106,15514061
468,MARATHON PETE CORP,COM,56585A102,11593492
469,MARKEL CORP,COM,570535104,5894450
470,MARKETAXESS HLDGS INC,COM,57060D108,72684312
471,MARQETA INC,CLASS A COM,57142B104,405857
472,MARSH & MCLENNAN COS INC,COM,571748102,15393942
473,MARVELL TECHNOLOGY INC,COM,573874104,1118978
474,MASCO CORP,COM,574599106,316236
475,MASIMO CORP,COM,574795100,8961036
476,MASTERCARD INCORPORATED,CL A,57636Q104,96456477
477,MATSON INC,COM,57686G105,315363
478,MCCORMICK & CO INC,COM NON VTG,579780206,4638027
479,MCDONALDS CORP,COM,580135101,416118877
480,MCKESSON CORP,COM,58155Q103,107846625
481,MDU RES GROUP INC,COM,552690109,1432807
482,MEDICAL PPTYS TRUST INC,COM,58463J304,511950
483,MEDIFAST INC,COM,58470H101,2633210
484,MERCADOLIBRE INC,COM,58733R102,1328597
485,MERCK & CO INC,COM,58933Y105,103601227
486,MERCURY GENL CORP NEW,COM,589400100,782086
487,MERIDIAN BIOSCIENCE INC,COM,589584101,1687965
488,MERIT MED SYS INC,COM,589889104,6161454
489,MESA LABS INC,COM,59064R109,1003244
490,META PLATFORMS INC,CL A,30303M102,64520050
491,METLIFE INC,COM,59156R108,8769797
492,MGIC INVT CORP WIS,COM,552848103,2917915
493,MGP INGREDIENTS INC NEW,COM,55303J106,2959704
494,MICROSOFT CORP,COM,594918104,4056795
495,MILLICOM INTL CELLULAR S A,COM STK,L6388F110,1144265
496,MIRATI THERAPEUTICS INC,COM,60468T105,327954
497,MODERNA INC,COM,60770K107,1378943
498,MODIVCARE INC,COM,60783X104,1336439
499,MOLINA HEALTHCARE INC,COM,60855R100,1497217
500,MOLSON COORS BEVERAGE CO,CL B,60871R209,20743601
501,MONDELEZ INTL INC,CL A,609207105,192365030
502,MONGODB INC,CL A,60937P106,1651488
503,MONOLITHIC PWR SYS INC,COM,609839105,974903
504,MONSTER BEVERAGE CORP NEW,COM,61174X109,93888141
505,MORGAN STANLEY,COM NEW,617446448,5313835
506,MORNINGSTAR INC,COM,617700109,491443
507,MOSAIC CO NEW,COM,61945C103,12114832
508,MSA SAFETY INC,COM,553498106,915030
509,NATIONAL BEVERAGE CORP,COM,635017106,2327942
510,NATIONAL FUEL GAS CO,COM,636180101,2319882
511,NATIONAL HEALTHCARE CORP,COM,635906100,948014
512,NATIONAL RESH CORP,COM NEW,637372202,834550
513,NATIONAL RETAIL PROPERTIES I,COM,637417106,22037147
514,NAVIENT CORPORATION,COM,63938C108,953870
515,NCR CORP NEW,COM,62886E108,1280363
516,NEOGEN CORP,COM,640491106,3573263
517,NETAPP INC,COM,64110D104,3138856
518,NETFLIX INC,COM,64110L106,24894359
519,NEVRO CORP,COM,64157F103,1621026
520,NEW ORIENTAL ED & TECHNOLOGY,SPON ADR,647581206,42440914
521,NEW YORK CMNTY BANCORP INC,COM,649445103,1464726
522,NEWELL BRANDS INC,COM,651229106,229227
523,NEXSTAR MEDIA GROUP INC,COMMON STOCK,65336K103,1695516
524,NEXTERA ENERGY INC,COM,65339F101,21881130
525,NEXTGEN HEALTHCARE INC,COM,65343C102,2171081
526,NIKE INC,CL B,654106103,489687
527,NIO INC,SPON ADS,62914V106,41417093
528,NISOURCE INC,COM,65473P105,1210237
529,NOAH HLDGS LTD,SPON ADS CL A,65487X102,2310166
530,NORFOLK SOUTHN CORP,COM,655844108,3930645
531,NORTHERN TR CORP,COM,665859104,4370875
532,NORTHROP GRUMMAN CORP,COM,666807102,9912642
533,NOVOCURE LTD,ORD SHS,G6674U108,9956749
534,NRG ENERGY INC,COM NEW,629377508,11478015
535,NU SKIN ENTERPRISES INC,CL A,67018T105,4980909
536,NUTANIX INC,CL A,67059N108,314450
537,NUTRIEN LTD,COM,67077M108,12262667
538,NUVASIVE INC,COM,670704105,2527187
539,NVR INC,COM,62944T105,839490
540,NXP SEMICONDUCTORS N V,COM,N6596X109,2836322
541,OAK STR HEALTH INC,COM,67181A107,685158
542,OCCIDENTAL PETE CORP,COM,674599105,22085554
543,OGE ENERGY CORP,COM,670837103,1273866
544,OKTA INC,CL A,679295105,1342275
545,OLAPLEX HLDGS INC,COM,679369108,1648850
546,OLD REP INTL CORP,COM,680223104,2573327
547,OLLIES BARGAIN OUTLET HLDGS,COM,681116109,6162926
548,OMNICELL COM,COM,68213N109,2618815
549,OMNICOM GROUP INC,COM,681919106,8804503
550,ON SEMICONDUCTOR CORP,COM,682189105,325509
551,ONECONNECT FINL TECHNOLOGY C,SPONSORED ADS,68248T204,234798
552,ONEOK INC NEW,COM,682680103,9174282
553,OPEN TEXT CORP,COM,683715106,3697868
554,OPKO HEALTH INC,COM,68375N103,67922
555,ORACLE CORP,COM,68389X105,254947
556,OREILLY AUTOMOTIVE INC,COM,67103H107,8745839
557,OUTSET MED INC,COM,690145107,1457436
558,OVINTIV INC,COM,69047Q102,3159029
559,OWENS CORNING NEW,COM,690742101,4806911
560,PACWEST BANCORP DEL,COM,695263103,1196980
561,PALANTIR TECHNOLOGIES INC,CL A,69608A108,1042370
562,PALO ALTO NETWORKS INC,COM,697435105,1597733
563,PAPA JOHNS INTL INC,COM,698813102,5622431
564,PARAMOUNT GLOBAL,CLASS B COM,92556H206,363983
565,PARK HOTELS & RESORTS INC,COM,700517105,197270
566,PATTERSON COS INC,COM,703395103,3781051
567,PAYCHEX INC,COM,704326107,11340249
568,PAYPAL HLDGS INC,COM,70450Y103,69151700
569,PDC ENERGY INC,COM,69327R101,2215389
570,PEDIATRIX MEDICAL GROUP INC,COM,58502B106,1777464
571,PEGASYSTEMS INC,COM,705573103,348769
572,PENSKE AUTOMOTIVE GRP INC,COM,70959W103,533850
573,PENUMBRA INC,COM,70975L107,9922161
574,PEPSICO INC,COM,713448108,545697621
575,PERDOCEO ED CORP,COM,71363P106,1897920
576,PERKINELMER INC,COM,714046109,3207392
577,PFIZER INC,COM,717081103,140222769
578,PHILIP MORRIS INTL INC,COM,718172109,27687817
579,PHREESIA INC,COM,71944F106,3423979
580,PIEDMONT OFFICE REALTY TR IN,COM CL A,720190206,644816
581,PILGRIMS PRIDE CORP,COM,72147K108,1966529
582,PINDUODUO INC,SPONSORED ADS,722304102,297317436
583,PINNACLE WEST CAP CORP,COM,723484101,2052168
584,PINTEREST INC,CL A,72352L106,9031626
585,PIONEER NAT RES CO,COM,723787107,2390101
586,PLANET LABS PBC,COM CL A,72703X106,6520989
587,PNC FINL SVCS GROUP INC,COM,693475105,26824845
588,POLARIS INC,COM,731068102,859510
589,POPULAR INC,COM NEW,733174700,1741033
590,POST HLDGS INC,COM,737446104,10069496
591,PPL CORP,COM,69351T106,4415668
592,PREMIER INC,CL A,74051N102,5745745
593,PRICE T ROWE GROUP INC,COM,74144T108,2463447
594,PRICESMART INC,COM,741511109,3132237
595,PRINCIPAL FINANCIAL GROUP IN,COM,74251V102,4910831
596,PRIVIA HEALTH GROUP INC,COM,74276R102,1577232
597,PROCTER AND GAMBLE CO,COM,742718109,757137228
598,PROGRESS SOFTWARE CORP,COM,743312100,2199872
599,PROGRESSIVE CORP,COM,743315103,36615836
600,PROLOGIS INC.,COM,74340W103,2204210
601,PRUDENTIAL FINL INC,COM,744320102,386899
602,PUBLIC STORAGE,COM,74460D109,67061795
603,PUBLIC SVC ENTERPRISE GRP IN,COM,744573106,10459095
604,PULTE GROUP INC,COM,745867101,444418
605,PVH CORPORATION,COM,693656100,218829
606,QIAGEN NV,SHS NEW,N72482123,7769098
607,QORVO INC,COM,74736K101,778870
608,QUALCOMM INC,COM,747525103,10119097
609,QUANTUMSCAPE CORP,COM CL A,74767V109,300238
610,QUEST DIAGNOSTICS INC,COM,74834L100,30509398
611,QUIDELORTHO CORP,COM,219798105,5357545
612,R1 RCM INC,COM,77634L105,1474330
613,RANGE RES CORP,COM,75281A109,666433
614,RAYMOND JAMES FINL INC,COM,754730109,6776641
615,RAYONIER INC,COM,754907103,1120409
616,RAYTHEON TECHNOLOGIES CORP,COM,75513E101,9786515
617,REALTY INCOME CORP,COM,756109104,37346125
618,REGAL REXNORD CORPORATION,COM,758750103,1527225
619,REGENERON PHARMACEUTICALS,COM,75886F107,28052253
620,REGIONS FINANCIAL CORP NEW,COM,7591EP100,6805630
621,REINSURANCE GRP OF AMERICA I,COM NEW,759351604,6109302
622,RELIANCE STEEL & ALUMINUM CO,COM,759509102,758948
623,RELX PLC,SPONSORED ADR,759530108,7419480
624,REPLIGEN CORP,COM,759916109,1167900
625,REPUBLIC SVCS INC,COM,760759100,15237847
626,RESMED INC,COM,761152107,44367696
627,RESTAURANT BRANDS INTL INC,COM,76131D103,40105773
628,REYNOLDS CONSUMER PRODS INC,COM,76171L106,3463559
629,RIO TINTO PLC,SPONSORED ADR,767204100,1280390
630,RLX TECHNOLOGY INC,SPONSORED ADS,74969N103,2540835
631,ROBINHOOD MKTS INC,COM CL A,770700102,2398117
632,ROKU INC,COM CL A,77543R102,696418
633,ROLLINS INC,COM,775711104,6900762
634,ROSS STORES INC,COM,778296103,3286522
635,ROYAL GOLD INC,COM,780287108,10310273
636,ROYALTY PHARMA PLC,SHS CLASS A,G7709Q104,1544955
637,SALLY BEAUTY HLDGS INC,COM,79546E104,163211
638,SANFILIPPO JOHN B & SON INC,COM,800422107,1279001
639,SANMINA CORPORATION,COM,801056102,3644160
640,SAREPTA THERAPEUTICS INC,COM,803607100,7507217
641,SBA COMMUNICATIONS CORP NEW,CL A,78410G104,10909105
642,SCHLUMBERGER LTD,COM STK,806857108,34469992
643,SCHRODINGER INC,COM,80810D103,2160171
644,SCHWAB CHARLES CORP,COM,808513105,50839805
645,SCOTTS MIRACLE-GRO CO,CL A,810186106,1319461
646,SEA LTD,SPONSORD ADS,81141R100,9061701
647,SEABOARD CORP DEL,COM,811543107,1944233
648,SEAGEN INC,COM,81181C104,1275719
649,SEALED AIR CORP NEW,COM,81211K100,976251
650,SEAWORLD ENTMT INC,COM,81282V100,247484
651,SEI INVTS CO,COM,784117103,4648609
652,SEMPRA,COM,816851109,17344951
653,SEMTECH CORP,COM,816850101,659095
654,SERVICE CORP INTL,COM,817565104,542542
655,SHAKE SHACK INC,CL A,819047101,3292291
656,SHOCKWAVE MED INC,COM,82489T104,8700798
657,SIGNATURE BK NEW YORK N Y,COM,82669G104,3144008
658,SIGNIFY HEALTH INC,CL A COM,82671G100,2207966
659,SILK RD MED INC,COM,82710M100,2314619
660,SILVERGATE CAP CORP,CL A,82837P408,1528903
661,SIMON PPTY GROUP INC NEW,COM,828806109,1765842
662,SIMPLY GOOD FOODS CO,COM,82900L102,7490769
663,SIMPSON MFG INC,COM,829073105,290450
664,SIMULATIONS PLUS INC,COM,829214105,1242063
665,SIRIUS XM HOLDINGS INC,COM,82968B103,1881560
666,SIX FLAGS ENTMT CORP NEW,COM,83001A102,246497
667,SKYWORKS SOLUTIONS INC,COM,83088M102,1551579
668,SL GREEN RLTY CORP,COM,78440X887,1790296
669,SLM CORP,COM,78442P106,4251243
670,SMITH & NEPHEW PLC,SPDN ADR NEW,83175M205,5060483
671,SMUCKER J M CO,COM NEW,832696405,36680638
672,SNOWFLAKE INC,CL A,833445109,4584955
673,SOUTHERN CO,COM,842587107,25738378
674,SOUTHWEST AIRLS CO,COM,844741108,895824
675,SOUTHWESTERN ENERGY CO,COM,845467109,1525323
676,SPARTANNASH CO,COM,847215100,968708
677,SPDR GOLD TR,GOLD SHS,78463V107,208143700
678,SPDR S&P 500 ETF TR,TR UNIT,78462F103,525456525
679,SPDR SER TR,BLOOMBERG HIGH Y,78468R622,674730
680,SPIRE INC,COM,84857L101,835892
681,SPROTT INC,COM NEW,852066208,25330134
682,SPROUTS FMRS MKT INC,COM,85208M102,12784143
683,SS&C TECHNOLOGIES HLDGS INC,COM,78467J100,592755
684,STAAR SURGICAL CO,COM PAR $0.01,852312305,2746879
685,STARBUCKS CORP,COM,855244109,259100579
686,STATE STR CORP,COM,857477103,11907848
687,STEEL DYNAMICS INC,COM,858119100,807686
688,STERICYCLE INC,COM,858912108,1559212
689,STERIS PLC,SHS USD,G8473T100,23565705
690,STRATEGIC ED INC,COM,86272C103,3718790
691,STRIDE INC,COM,86333M108,2687671
692,STRYKER CORPORATION,COM,863667101,123714874
693,SUN CMNTYS INC,COM,866674104,4384237
694,SUNCOR ENERGY INC NEW,COM,867224107,10598803
695,SUNPOWER CORP,COM,867652406,1332056
696,SUNRUN INC,COM,86771W105,3020587
697,SVB FINANCIAL GROUP,COM,78486Q101,6807541
698,SYNCHRONY FINANCIAL,COM,87165B103,416500
699,SYNEOS HEALTH INC,CL A,87166B102,3597794
700,SYNOVUS FINL CORP,COM NEW,87161C501,1992103
701,SYSCO CORP,COM,871829107,97629020
702,TAIWAN SEMICONDUCTOR MFG LTD,SPONSORED ADS,874039100,17648916
703,TAKE-TWO INTERACTIVE SOFTWAR,COM,874054109,7510272
704,TAL EDUCATION GROUP,SPONSORED ADS,874080104,9629962
705,TANDEM DIABETES CARE INC,COM NEW,875372203,3409323
706,TAPESTRY INC,COM,876030107,237353
707,TARGA RES CORP,COM,87612G101,1891890
708,TARGET CORP,COM,87612E106,137600286
709,TELADOC HEALTH INC,COM,87918A105,7669600
710,TELEFLEX INCORPORATED,COM,879369106,8831909
711,TELEPHONE & DATA SYS INC,COM NEW,879433829,358317
712,TEMPUR SEALY INTL INC,COM,88023U101,343094
713,TENCENT MUSIC ENTMT GROUP,SPON ADS,88034P109,19821947
714,TENET HEALTHCARE CORP,COM NEW,88033G407,1632562
715,TERADATA CORP DEL,COM,88076W103,273420
716,TEVA PHARMACEUTICAL INDS LTD,SPONSORED ADS,881624209,2821883
717,TEXAS ROADHOUSE INC,COM,882681109,12906624
718,TFS FINL CORP,COM,87240R107,1760916
719,THE BEAUTY HEALTH COMPANY,COM CL A,88331L108,1811428
720,THE TRADE DESK INC,COM CL A,88339J105,4889743
721,THERMO FISHER SCIENTIFIC INC,COM,883556102,56496388
722,TJX COS INC NEW,COM,872540109,21094955
723,T-MOBILE US INC,COM,872590104,71655360
724,TOLL BROTHERS INC,COM,889478103,341303
725,TOOTSIE ROLL INDS INC,COM,890516107,1344531
726,TOPBUILD CORP,COM,89055F103,560391
727,TOPGOLF CALLAWAY BRANDS CORP,COM,131193104,289397
728,TRACTOR SUPPLY CO,COM,892356106,5959455
729,TRADEWEB MKTS INC,CL A,892672106,49212265
730,TRANSMEDICS GROUP INC,COM,89377M109,2210625
731,TRANSUNION,COM,89400J107,1408194
732,TRAVELERS COMPANIES INC,COM,89417E109,25972615
733,TREEHOUSE FOODS INC,COM,89469A104,6218374
734,TRI POINTE HOMES INC,COM,87265H109,228081
735,TRINET GROUP INC,COM,896288107,544434
736,TRIP COM GROUP LTD,ADS,89677Q107,63741308
737,TRONOX HOLDINGS PLC,SHS,G9087Q102,1012319
738,TRUIST FINL CORP,COM,89832Q109,24138195
739,TTEC HLDGS INC,COM,89854H102,784102
740,TWILIO INC,CL A,90138F102,508107
741,TYSON FOODS INC,CL A,902494103,47628284
742,U S PHYSICAL THERAPY,COM,90337L108,1227523
743,UBER TECHNOLOGIES INC,COM,90353T100,16192586
744,UDR INC,COM,902653104,1938591
745,UFP INDUSTRIES INC,COM,90278Q108,251143
746,UGI CORP NEW,COM,902681105,1834149
747,UNION PAC CORP,COM,907818108,7051976
748,UNITED RENTALS INC,COM,911363109,258035
749,UNITED STATES CELLULAR CORP,COM,911684108,539661
750,UNITED THERAPEUTICS CORP DEL,COM,91307C102,6981171
751,UNIVERSAL CORP VA,COM,913456109,332228
752,UNIVERSAL DISPLAY CORP,COM,91347P105,2766796
753,UNIVERSAL HLTH SVCS INC,CL B,913903100,13174765
754,UNUM GROUP,COM,91529Y106,4410520
755,UP FINTECH HLDG LTD,SPONSORED ADS,91531W106,438308
756,UPSTART HLDGS INC,COM,91680M107,133112
757,US BANCORP DEL,COM NEW,902973304,30779720
758,US FOODS HLDG CORP,COM,912008109,2797431
759,USANA HEALTH SCIENCES INC,COM,90328M107,1265575
760,VAIL RESORTS INC,COM,91879Q109,517696
761,VALERO ENERGY CORP,COM,91913Y100,6439287
762,VALLEY NATL BANCORP,COM,919794107,2094657
763,VANGUARD INTL EQUITY INDEX F,FTSE EMR MKT ETF,922042858,539036528
764,VANGUARD TAX-MANAGED FDS,VAN FTSE DEV MKT,921943858,10481294
765,VEEVA SYS INC,CL A COM,922475108,77685911
766,VENTAS INC,COM,92276F100,1708386
767,VERADIGM INC,COM,01988P108,712074
768,VERISK ANALYTICS INC,COM,92345Y106,12160278
769,VERTEX PHARMACEUTICALS INC,COM,92532F100,29114511
770,VIATRIS INC,COM,92556V106,6334016
771,VIEWRAY INC,COM,92672L107,901591
772,VIPSHOP HOLDINGS LIMITED,SPONSORED ADS A,92763W103,21741628
773,VIRGIN GALACTIC HOLDINGS INC,COM,92766K106,70989
774,VISA INC,COM CL A,92826C839,174265764
775,VMWARE INC,CL A COM,928563402,200099
776,VNET GROUP INC,SPONSORED ADS A,90138A103,1185949
777,VORNADO RLTY TR,SH BEN INT,929042109,2243526
778,VOYA FINANCIAL INC,COM,929089100,2181665
779,WABTEC,COM,929740108,753466
780,WALGREENS BOOTS ALLIANCE INC,COM,931427108,16651090
781,WALMART INC,COM,931142103,482087843
782,WARNER BROS DISCOVERY INC,COM SER A,934423104,1750416
783,WARNER MUSIC GROUP CORP,COM CL A,934550203,7516868
784,WASHINGTON FED INC,COM,938824109,2179039
785,WASTE CONNECTIONS INC,COM,94106B101,13035553
786,WASTE MGMT INC DEL,COM,94106L109,16136049
787,WATERS CORP,COM,941848103,5909505
788,WATTS WATER TECHNOLOGIES INC,CL A,942749102,647799
789,WD 40 CO,COM,929236107,4592712
790,WEC ENERGY GROUP INC,COM,92939U106,12460329
791,WEIBO CORP,SPONSORED ADR,948596101,4365631
792,WEIS MKTS INC,COM,948849104,3291765
793,WELLS FARGO CO NEW,COM,949746101,70981185
794,WELLTOWER INC,COM,95040Q104,1403229
795,WENDYS CO,COM,95058W100,259476
796,WERNER ENTERPRISES INC,COM,950755108,454455
797,WEST PHARMACEUTICAL SVSC INC,COM,955306105,2875742
798,WESTERN ALLIANCE BANCORP,COM,957638109,2797474
799,WESTERN UN CO,COM,959802109,2209534
800,WESTROCK CO,COM,96145D105,5450714
801,WEX INC,COM,96208T104,3140607
802,WEYERHAEUSER CO MTN BE,COM NEW,962166104,1141947
803,WHEATON PRECIOUS METALS CORP,COM,962879102,11538644
804,WILLIS TOWERS WATSON PLC LTD,SHS,G96629103,11918873
805,WISDOMTREE INC,COM,97717P104,23691335
806,WORKDAY INC,CL A,98138H101,1824901
807,XCEL ENERGY INC,COM,98389B100,13274838
808,XPENG INC,ADS,98422D105,20164403
809,XYLEM INC,COM,98419M100,5736814
810,YUM BRANDS INC,COM,988498101,49163636
811,YUM CHINA HLDGS INC,COM,98850P109,64023732
812,ZAI LAB LTD,ADR,98887Q104,14582868
813,ZILLOW GROUP INC,CL C CAP STK,98954M200,36221820
814,ZIMMER BIOMET HOLDINGS INC,COM,98956P102,40353750
815,ZIONS BANCORPORATION N A,COM,989701107,2659605
816,ZOETIS INC,CL A,98978V103,4055039
817,ZOOM VIDEO COMMUNICATIONS IN,CL A,98980L101,483799
818,ZOOMINFO TECHNOLOGIES INC,COMMON STOCK,98980F104,2805680
819,ZTO EXPRESS CAYMAN INC,SPONSORED ADS A,98980A105,36849464
